HashTag,CreatedTime,LastModifiedTime,State
sales,2019-11-24 17:10:24,2019-11-24 17:10:24,Follow
money,2016-09-09 17:10:06,2016-09-09 17:10:06,Follow
startups,2016-09-09 17:10:06,2016-09-09 17:10:06,Follow
investing,2016-09-09 17:10:06,2016-09-09 17:10:06,Follow
leanstartups,2016-09-09 17:10:06,2016-09-09 17:10:06,Follow
markets,2016-09-09 17:10:06,2016-09-09 17:10:06,Follow
entrepreneurship,2016-09-09 17:10:06,2016-09-09 17:10:06,Follow
advertisingandmarketing,2016-09-09 17:10:06,2016-09-09 17:10:06,Follow
bankingindustry,2016-09-09 17:10:06,2016-09-09 17:10:06,Follow
marketing,2016-09-09 17:10:06,2016-09-09 17:10:06,Follow
venturecapital,2016-09-09 17:10:06,2016-09-09 17:10:06,Follow
branding,2016-09-09 17:10:06,2016-09-09 17:10:06,Follow
digitalmarketing,2016-09-09 17:10:06,2016-09-09 17:10:06,Follow
