savedItem,CreatedTime
https://www.linkedin.com/feed/update/urn:li:activity:7477364903968653313,2026-06-29 22:11:45
https://www.linkedin.com/feed/update/urn:li:activity:7477350064475000832,2026-06-29 14:46:09
https://www.linkedin.com/feed/update/urn:li:activity:7453812568508243968,2026-04-27 05:56:04
https://www.linkedin.com/feed/update/urn:li:activity:7422762456156004352,2026-04-25 05:49:55
https://www.linkedin.com/feed/update/urn:li:activity:7440110629270667264,2026-03-19 03:14:59
https://www.linkedin.com/feed/update/urn:li:activity:7423860966116962304,2026-02-02 20:10:15
https://www.linkedin.com/feed/update/urn:li:article:8068022566485296886,2025-10-04 20:56:11
https://www.linkedin.com/feed/update/urn:li:article:8316254850288114262,2025-09-29 21:24:42
https://www.linkedin.com/feed/update/urn:li:activity:7365737349252558851,2025-08-25 20:03:27
https://www.linkedin.com/feed/update/urn:li:activity:7349383930740895744,2025-07-14 19:48:24
https://www.linkedin.com/feed/update/urn:li:activity:7331108800025821185,2025-05-22 01:49:28
https://www.linkedin.com/feed/update/urn:li:activity:7324095075334955009,2025-05-03 01:41:54
https://www.linkedin.com/feed/update/urn:li:article:7294003554086284440,2025-04-09 22:03:46
https://www.linkedin.com/feed/update/urn:li:activity:7303007991576862720,2025-03-06 05:54:01
https://www.linkedin.com/feed/update/urn:li:activity:7302273936090648576,2025-03-03 10:49:49
https://www.linkedin.com/feed/update/urn:li:activity:7236877098127085568,2024-10-01 15:28:13
https://www.linkedin.com/feed/update/urn:li:activity:7232932881667371008,2024-08-27 09:10:18
https://www.linkedin.com/feed/update/urn:li:activity:7201443642907975680,2024-05-29 15:40:06
https://www.linkedin.com/feed/update/urn:li:activity:7153015546735726592,2024-03-08 10:00:01
https://www.linkedin.com/feed/update/urn:li:activity:7148370309291646976,2024-01-04 02:56:47
https://www.linkedin.com/feed/update/urn:li:activity:7141419147279679488,2023-12-20 19:31:17
https://www.linkedin.com/feed/update/urn:li:activity:7004497505774182400,2023-04-24 13:37:32
https://www.linkedin.com/feed/update/urn:li:activity:7034363264163598336,2023-02-26 10:25:49
https://www.linkedin.com/feed/update/urn:li:article:7149009916573830991,2022-09-26 23:30:14
https://www.linkedin.com/feed/update/urn:li:activity:6882940418116329472,2022-01-01 10:41:50
https://www.linkedin.com/feed/update/urn:li:activity:6854058786554966016,2021-10-14 19:18:13
