Saved Date,Job Url,Job Title,Company Name
"2/20/23, 1:48 PM",http://www.linkedin.com/jobs/view/3450832483,GTM / Sales Enablement Solutions Manager,Unisys
"2/20/23, 1:23 PM",http://www.linkedin.com/jobs/view/3488236882,Account Executive,Bravado
"12/26/23, 1:31 AM",http://www.linkedin.com/jobs/view/3777347325,Enterprise Sales Lead,Station A
"4/3/23, 1:22 AM",http://www.linkedin.com/jobs/view/3511727619,Business Development Manager,Utopia Experience
"2/18/23, 4:46 PM",http://www.linkedin.com/jobs/view/3482572888,Business Development Representative,"Sprout Social, Inc."
"3/16/23, 4:40 PM",http://www.linkedin.com/jobs/view/3430744273,Sales Development Representative - Cloud,Airbyte
"2/20/23, 1:23 PM",http://www.linkedin.com/jobs/view/3479823910,Enterprise Saas Sales (edtech),Magic EdTech
"3/2/23, 1:06 PM",http://www.linkedin.com/jobs/view/3494129045,Account Executive (Spark),The Trade Desk
"2/20/23, 8:22 AM",http://www.linkedin.com/jobs/view/3488257449,Sales Development Representative,"SellBigger, Inc."
"2/20/23, 1:25 PM",http://www.linkedin.com/jobs/view/3460963036,Account Executive,Kixie
"1/15/24, 3:05 AM",http://www.linkedin.com/jobs/view/3804629899,Account Executive - SaaS Sales (West),Edge Impulse
"2/26/23, 5:24 PM",http://www.linkedin.com/jobs/view/3473264715,Outreach / Business Development Specialist ,Expert Executive Recruiters (EER Global)
"12/20/23, 10:19 AM",http://www.linkedin.com/jobs/view/3770067219,Regional Sales Representative-Chicago,StrategyCorps
"4/20/24, 7:28 AM",http://www.linkedin.com/jobs/view/3902836658,"Account Executive - Mid Market (Austin, TX)",HiBob
"5/6/24, 1:00 PM",http://www.linkedin.com/jobs/view/3916434649,Sales Enablement Manager,Sumo Logic
"3/12/23, 11:05 AM",http://www.linkedin.com/jobs/view/3524583999,"Enterprise Customer Success Manager – Remote Midwest, US",Talentify.io
"2/19/23, 7:14 AM",http://www.linkedin.com/jobs/view/3426714726,Mid Market Account Executive,Fieldwire by Hilti
"3/12/23, 11:11 AM",http://www.linkedin.com/jobs/view/3480009744,"Senior Outside Sales Representative, IoT (Remote)",Wesco
"2/25/23, 11:17 PM",http://www.linkedin.com/jobs/view/3456594054,"Senior Marketing Specialist, Industry Programs",BDO USA
"2/20/23, 1:25 PM",http://www.linkedin.com/jobs/view/3455619005,Partner Account Executive,Bluevine
"1/20/23, 7:41 AM",http://www.linkedin.com/jobs/view/3387694466,"Account Executive, Mid Market",Classy
"12/20/23, 1:07 PM",http://www.linkedin.com/jobs/view/3789740145,"Associate Manager, Sales Strategy & Operations",DoorDash
"4/29/23, 6:41 PM",http://www.linkedin.com/jobs/view/3593357809,Sales Operations Senior Associate ,Cerberus Capital Management
"4/8/24, 5:38 PM",http://www.linkedin.com/jobs/view/3885139250,Account Executive (Founding team),Wokelo AI
"2/20/23, 1:48 PM",http://www.linkedin.com/jobs/view/3472236982,Sales enablement and GTM programs director,Barco
"5/6/24, 1:01 PM",http://www.linkedin.com/jobs/view/3901577374,Sales Operations Manager,Statista
"4/3/23, 1:22 AM",http://www.linkedin.com/jobs/view/3522203800,Business Development Manager,"Veev, By Lennar"
"3/14/23, 4:22 AM",http://www.linkedin.com/jobs/view/3522413420,Chicago - Direct Sales,Wurth Elektronik
"12/17/23, 6:01 PM",http://www.linkedin.com/jobs/view/3783188430,"AI Prompt Engineer, gt.school (Remote) - $100,000/year USD",Crossover
"4/9/23, 9:18 PM",http://www.linkedin.com/jobs/view/3271979798,Market Sales Lead - Chicago,The Campbell's Company
"2/26/23, 8:13 AM",http://www.linkedin.com/jobs/view/3280931364,Product Analyst,Pandora
"5/28/24, 3:52 PM",http://www.linkedin.com/jobs/view/3928106764,Sales Account Executive,Atmosfy
"2/21/23, 2:05 PM",http://www.linkedin.com/jobs/view/3492280409,Inside Service Sales Specialist,Hach
"7/7/24, 11:50 AM",http://www.linkedin.com/jobs/view/3966823221,Senior Business Development Specialist I,SHEIN U.S.
"1/16/24, 7:47 PM",http://www.linkedin.com/jobs/view/3800984058,"Account Executive, Philadelphia, PA",Cohesity
"3/14/24, 2:48 AM",http://www.linkedin.com/jobs/view/3854413873,Enterprise Account Executive,SugarAI
"8/18/23, 5:03 AM",http://www.linkedin.com/jobs/view/3688341255,"Account Executive, USC - Workplace",WeWork
"12/23/23, 4:46 AM",http://www.linkedin.com/jobs/view/3751620484,,
"2/21/23, 3:31 PM",http://www.linkedin.com/jobs/view/3478668934,Account Executive,Rain
"2/26/23, 8:14 AM",http://www.linkedin.com/jobs/view/3465371673,Integrated Marketing Director,AEG
"6/22/24, 10:56 PM",http://www.linkedin.com/jobs/view/3956944018,Account Executive,myGwork - LGBTQ+ Business Community
"4/8/23, 9:15 AM",http://www.linkedin.com/jobs/view/3552983377,Sales Development Representative,Kiteworks
"12/21/23, 10:34 AM",http://www.linkedin.com/jobs/view/3772659482,Creative Coordinator,Kobalt Music
"2/17/23, 12:21 PM",http://www.linkedin.com/jobs/view/3450996998,Account Based Marketing Lead,Notable
"12/28/23, 4:29 AM",http://www.linkedin.com/jobs/view/3788288521,Sales Executive (2024 Graduate Program),Engtal
"2/28/23, 3:19 PM",http://www.linkedin.com/jobs/view/3505364693,"Sales Development Representative, Outbound Sales",Shopify
"1/22/24, 4:32 AM",http://www.linkedin.com/jobs/view/3767175655,Large Enterprise Account Executive,Enable
"4/20/24, 5:46 AM",http://www.linkedin.com/jobs/view/3901349929,Business Development Representative,"Docker, Inc"
"4/20/24, 7:27 AM",http://www.linkedin.com/jobs/view/3893528212,"Enterprise Account Executive, Platform",Morning Consult
"10/18/21, 5:33 AM",http://www.linkedin.com/jobs/view/2606328857,Senior Business Development Manager,24 Seven Talent
"2/25/23, 11:18 PM",http://www.linkedin.com/jobs/view/3430770240,Business Development Specialist,Winston & Strawn LLP
"2/26/23, 8:13 AM",http://www.linkedin.com/jobs/view/3467981678,"Coordinator, Licensing Administration",Warner Music Group
"6/11/24, 6:24 PM",http://www.linkedin.com/jobs/view/3942505754,Business Development Manager,Cameo
"2/28/23, 4:37 AM",http://www.linkedin.com/jobs/view/3457639169,Client Account Executive,Artlogic
"2/20/23, 1:37 PM",http://www.linkedin.com/jobs/view/3478387206,"Sales Enablement, Specialist (RFP Proposal Manager)",FactSet
"2/20/23, 8:22 AM",http://www.linkedin.com/jobs/view/3487087751,Sales Development Representative,Jobot
"6/25/24, 1:35 AM",http://www.linkedin.com/jobs/view/3958004730,,
"2/26/23, 8:13 AM",http://www.linkedin.com/jobs/view/3382404295,"Associate Director, Gaming and Anime Soundtracks",Sony Music Entertainment
"2/20/23, 8:23 AM",http://www.linkedin.com/jobs/view/3491244134,Sales Development Representative,Underdog.io -Apply to top tech jobs in 60 seconds. A place where companies apply to you
"4/15/23, 2:52 PM",http://www.linkedin.com/jobs/view/3541957436,Sales Development Representative,Vendition
"3/12/23, 11:08 AM",http://www.linkedin.com/jobs/view/3508080673,Lead Development Representative,Lawson Products
"4/20/24, 7:29 AM",http://www.linkedin.com/jobs/view/3904720971,Head of Expansion Sales,Notable
"3/12/23, 11:08 AM",http://www.linkedin.com/jobs/view/3398245065,Healthcare Account Executive,Convergint
"12/26/23, 12:23 AM",http://www.linkedin.com/jobs/view/3762667699,Senior Account Executive,Innova Market Insights
"2/27/23, 8:44 AM",http://www.linkedin.com/jobs/view/3502547392,Sales Development Representative,Underdog.io -Apply to top tech jobs in 60 seconds. A place where companies apply to you
"2/17/23, 12:22 PM",http://www.linkedin.com/jobs/view/3423092100,Business Development Representative,Cribl
"7/3/24, 3:18 PM",http://www.linkedin.com/jobs/view/3964671834,,
"5/6/24, 1:00 PM",http://www.linkedin.com/jobs/view/3905466241,Strategy & Ops Manager,EarnIn
"1/15/24, 1:37 AM",http://www.linkedin.com/jobs/view/3803814182,,
"3/12/23, 11:05 AM",http://www.linkedin.com/jobs/view/3523540490,Enterprise Sales Manager,Loadsmart
"4/15/23, 2:53 PM",http://www.linkedin.com/jobs/view/3566689279,Sales Development Representative,ICE
"2/20/23, 8:22 AM",http://www.linkedin.com/jobs/view/3213289601,Sales Development Representative Enablement Manager,Anaplan
"5/6/24, 1:01 PM",http://www.linkedin.com/jobs/view/3888716603,"Manager, Sales Strategy & Operations",DoorDash
"12/20/23, 10:20 AM",http://www.linkedin.com/jobs/view/3763900248,Sales Enablement Associate,Collective Health
"1/28/24, 10:54 PM",http://www.linkedin.com/jobs/view/3816508714,Enterprise Account Executive,TicketManager
"12/17/23, 5:59 PM",http://www.linkedin.com/jobs/view/3774835740,Sales and Marketing Partner,Data Axle
"3/14/24, 2:48 AM",http://www.linkedin.com/jobs/view/3851859043,,
"1/1/24, 1:55 AM",http://www.linkedin.com/jobs/view/3782600831,"Inside Sales Rep, Fortune Media",Fortune
"3/12/23, 7:44 PM",http://www.linkedin.com/jobs/view/3525015745,Entry Level Sales - Sales Development Representative - inside Sales,Satellite
"4/28/24, 4:29 PM",http://www.linkedin.com/jobs/view/3903453002,"Associate, Corporate and Foundation Grants Management",Obama Foundation
"2/20/23, 1:45 PM",http://www.linkedin.com/jobs/view/3452515745,"Sales Development Representative, Commercial",Outreach
"2/20/23, 1:21 PM",http://www.linkedin.com/jobs/view/3468139113,"Partner Manager, Food, Enterprise Sales - Walmart Connect (Senior Manager I, Advertising Sales)",Walmart Connect
"2/25/23, 11:19 PM",http://www.linkedin.com/jobs/view/3491995944,Client Advocate,Partners for Justice
"1/19/24, 11:49 AM",http://www.linkedin.com/jobs/view/3806454270,Account Executive- Commercial Lines,XS Brokers
"2/17/23, 12:22 PM",http://www.linkedin.com/jobs/view/3483365230,Business Development Representative (Tech Sales),Opteamix
"2/27/23, 8:36 AM",http://www.linkedin.com/jobs/view/3355180878,Sales Development Representative,FiscalNote
"2/26/23, 5:24 PM",http://www.linkedin.com/jobs/view/2961689822,Business Development Representative,Databricks
"5/3/23, 10:43 PM",http://www.linkedin.com/jobs/view/3594281034,Digital Sales Manager,Denodo
"6/11/24, 6:17 PM",http://www.linkedin.com/jobs/view/3941965068,Business Development Partner,Lira Clinical
"2/26/23, 8:18 AM",http://www.linkedin.com/jobs/view/3296994450,Sales Executive,YipitData
"6/28/24, 5:38 AM",http://www.linkedin.com/jobs/view/3939885922,Sales Manager,Spot Freight
"1/29/23, 11:57 PM",http://www.linkedin.com/jobs/view/3451899020,Account Executive,Choco
"2/25/23, 11:19 PM",http://www.linkedin.com/jobs/view/3491935155,Human Resources Business Partner,Goodwill of the Heartland
"2/26/23, 4:32 PM",http://www.linkedin.com/jobs/view/3493794906,Industrial Sales Account Manager,Affiliated Recruiters Network
"1/22/23, 10:03 PM",http://www.linkedin.com/jobs/view/3332114324,Corporate Account Executive,Morning Consult
"2/17/23, 12:21 PM",http://www.linkedin.com/jobs/view/3483777547,Business Development Representative,Stake
"6/22/24, 11:57 PM",http://www.linkedin.com/jobs/view/3931830924,"Manager, Mid-Market Sales",Gong
"2/12/23, 8:19 PM",http://www.linkedin.com/jobs/view/3360527803,Sales Development Representative,Attentive
"2/20/23, 1:34 PM",http://www.linkedin.com/jobs/view/3478383434,"Sales Enablement, Specialist (RFP Proposal Manager)",FactSet
"4/13/23, 11:35 PM",http://www.linkedin.com/jobs/view/3564389993,"Sales Development Representative Lead, User Protection Services",Google
"4/3/23, 1:22 AM",http://www.linkedin.com/jobs/view/3518834700,Mission Partnerships Manager (Remote),Susan G. Komen
"4/3/23, 1:24 AM",http://www.linkedin.com/jobs/view/3525621049,Partner Success Manager,ConnectWise
"4/1/23, 5:03 PM",http://www.linkedin.com/jobs/view/3546454322,Enterprise Account Manager - UK,Immersive
"3/12/23, 11:04 AM",http://www.linkedin.com/jobs/view/3516262345,Customer Success Manager (East Coast),Teleport
"2/26/23, 8:13 AM",http://www.linkedin.com/jobs/view/3376984792,Senior Business Analyst,Pandora
"6/22/24, 11:57 PM",http://www.linkedin.com/jobs/view/3901532669,Sales Development Representative,Notable
"2/20/23, 8:22 AM",http://www.linkedin.com/jobs/view/3484849460,Sales Development Representative (SDR),CloudForecast
"2/21/23, 2:02 PM",http://www.linkedin.com/jobs/view/3487297771,Account Executive,Promon
"12/15/23, 3:55 AM",http://www.linkedin.com/jobs/view/3780500560,Sales Lead,Zeman Manufacturing Company
"2/17/23, 12:22 PM",http://www.linkedin.com/jobs/view/3451045696,Sales Solution Consultant,Tropic
"2/20/23, 1:25 PM",http://www.linkedin.com/jobs/view/3485920284,"Associate Enterprise Sales Representative, Corporate Accounts",Grubhub
"2/20/23, 1:37 PM",http://www.linkedin.com/jobs/view/3475669616,Sports - Basketball - Client Manager,Creative Artists Agency
"12/26/23, 12:21 AM",http://www.linkedin.com/jobs/view/3783874889,Inside Sales Account Executive,Toast
"3/12/23, 11:01 AM",http://www.linkedin.com/jobs/view/3524587733,Sales Development Representative (Remote),Talentify.io
"4/28/23, 6:24 PM",http://www.linkedin.com/jobs/view/3591449365,Senior Sales Development Representative,Parallel
"5/3/23, 10:43 PM",http://www.linkedin.com/jobs/view/3564035398,Sales Estimator,BMS CAT
"12/20/23, 9:05 PM",http://www.linkedin.com/jobs/view/3778951385,"Territory Account Executive, New Business",DoorDash
"2/20/23, 1:22 PM",http://www.linkedin.com/jobs/view/3463346778,Account Executive,Free Agency
"2/12/23, 8:39 PM",http://www.linkedin.com/jobs/view/3476323589,"Mass Account Manager Lead, US",TikTok
"2/18/23, 4:46 PM",http://www.linkedin.com/jobs/view/3457141224,Institutional Sales Associate,AllianceBernstein
"2/17/23, 12:21 PM",http://www.linkedin.com/jobs/view/3451309013,Client Relationship Specialist,SpotHero
"2/20/23, 1:25 PM",http://www.linkedin.com/jobs/view/3465519714,Sales Enablement Content Development Manager,Denodo
"3/12/23, 12:02 PM",http://www.linkedin.com/jobs/view/3516265649,Commissioned Based Sales Development Representative,Recruiting from Scratch
"2/21/23, 1:08 PM",http://www.linkedin.com/jobs/view/3452730687,"Outside Sales Representative-Uncapped commissions, bonuses and benefits",Hibu
"2/26/23, 8:14 AM",http://www.linkedin.com/jobs/view/3380058598,Production Manager,Sony Music Entertainment
"5/6/24, 1:01 PM",http://www.linkedin.com/jobs/view/3916252687,"Strategic Sales, Transportation",Exodigo
"3/14/24, 2:48 AM",http://www.linkedin.com/jobs/view/3855672450,Account Executive,Propel
"3/12/23, 11:09 AM",http://www.linkedin.com/jobs/view/3513514264,Business Development Sales Manager,Honeywell Technologies
"3/31/23, 4:24 PM",http://www.linkedin.com/jobs/view/3483121084,Senior Programmatic Account Executive,Future
"2/17/23, 12:21 PM",http://www.linkedin.com/jobs/view/3424968349,"Partnerships Manager (Remote, USA)",Vendr
"2/20/23, 1:23 PM",http://www.linkedin.com/jobs/view/3475916732,Sales Excellence Deal Lead - National_Office,Deloitte
"7/28/24, 9:38 PM",http://www.linkedin.com/jobs/view/3986248517,Sales Development Representative,Eventbrite
"2/22/23, 5:16 PM",http://www.linkedin.com/jobs/view/3456548867,Account Executive,Nomis Solutions
"4/20/24, 7:30 AM",http://www.linkedin.com/jobs/view/3905885286,Sr. Account Executive,Swooped
"2/17/23, 12:21 PM",http://www.linkedin.com/jobs/view/3485250587,"Account Executive, Enterprise",project44
"5/6/24, 1:01 PM",http://www.linkedin.com/jobs/view/3888721045,"Manager, Sales Strategy & Operations",DoorDash
"5/6/24, 1:01 PM",http://www.linkedin.com/jobs/view/3916065923,Sales Operations Manager,Carta
"2/18/23, 4:46 PM",http://www.linkedin.com/jobs/view/3482558542,"Sales Development Representative, Teams (West Coast)",Stack Overflow
"1/3/24, 8:40 AM",http://www.linkedin.com/jobs/view/3791175030,Solutions Sales Lead (AI Presales Expert),Amdocs
"5/6/24, 1:00 PM",http://www.linkedin.com/jobs/view/3904200975,"Sales Operations Manager, Partner Operations",ActiveCampaign
"3/16/23, 4:42 PM",http://www.linkedin.com/jobs/view/3521461221,Sales Development Representative - Healthcare,Climb Hire
"2/25/23, 11:50 PM",http://www.linkedin.com/jobs/view/3484775137,Account Executive,Quadient
"2/25/23, 11:16 PM",http://www.linkedin.com/jobs/view/3470303787,Business Development and Marketing Manager,Mayer Brown
"2/17/23, 12:21 PM",http://www.linkedin.com/jobs/view/3332134256,Mid-market Account Executive (US West),GitLab
"8/18/24, 9:38 PM",http://www.linkedin.com/jobs/view/4004024213,,
"5/3/24, 3:01 AM",http://www.linkedin.com/jobs/view/3841335551,"Associate, Public Engagement",Obama Foundation
"2/25/23, 11:51 PM",http://www.linkedin.com/jobs/view/3499148299,Enterprise Account Executive,Adaptive Business Group
"2/14/23, 8:26 PM",http://www.linkedin.com/jobs/view/3460609128,Account Executive,JBC
"2/26/23, 5:43 PM",http://www.linkedin.com/jobs/view/3435695652,Inbound Sales Development Representative,Zocdoc
"3/12/23, 11:08 AM",http://www.linkedin.com/jobs/view/3522060071,"Associate Director, Business Development- Chemicals, Refining & Water Markets",Linde
"2/21/23, 1:07 PM",http://www.linkedin.com/jobs/view/3477431507,"Outside Sales Representative - Iowa City, IA",SpotOn
"4/2/23, 12:21 PM",http://www.linkedin.com/jobs/view/3487933194,Sales Enablement Intern,Precisely
"2/20/23, 1:48 PM",http://www.linkedin.com/jobs/view/3459705858,Sales Enablement Manager,Hero Digital. Together with Huge.
"4/20/23, 2:59 PM",http://www.linkedin.com/jobs/view/3570833949,Enterprise Sales Executive,Sheer Logistics
"12/13/23, 4:56 PM",http://www.linkedin.com/jobs/view/3771230556,Senior Sales/GTM Enablement Onboarding Specialist,Motive
"3/5/23, 3:16 PM",http://www.linkedin.com/jobs/view/3363553066,Marketing (Sales) Development Representative,Verkada
"2/18/23, 4:46 PM",http://www.linkedin.com/jobs/view/3428241698,Mid-Market Account Executive,Airbase
"2/20/23, 1:33 PM",http://www.linkedin.com/jobs/view/3448350179,Account Executive,Brightidea
"2/14/23, 8:09 PM",http://www.linkedin.com/jobs/view/3481804558,Sales Development Representative,Origami Risk
"3/12/23, 11:01 AM",http://www.linkedin.com/jobs/view/3511927164,Sales Development Representative,athenahealth
"2/17/23, 12:21 PM",http://www.linkedin.com/jobs/view/3424413859,Business Development Executive - Corporate,YipitData
"3/12/23, 11:09 AM",http://www.linkedin.com/jobs/view/3510649337,Account Executive (fulltime),Tundra Technical Solutions
"3/14/24, 2:47 AM",http://www.linkedin.com/jobs/view/3831980162,Founding Account Executive--Inbound,Conveyor
"1/15/24, 3:08 AM",http://www.linkedin.com/jobs/view/3793909609,Prompt Engineer,Woven by Toyota
"2/28/23, 4:12 AM",http://www.linkedin.com/jobs/view/3467084176,Territory Sales Representative,Ingenium
"6/22/24, 11:57 PM",http://www.linkedin.com/jobs/view/3838466450,Sr. Account Executive - Strategic,Addepar
"4/15/23, 2:53 PM",http://www.linkedin.com/jobs/view/3566670874,Sales Development Representative(s) - AI / ML / Saas,Intenseye
"2/18/23, 4:46 PM",http://www.linkedin.com/jobs/view/3488303912,Account Executive - Central (USA),Moveworks
"4/20/24, 7:28 AM",http://www.linkedin.com/jobs/view/3906285796,"Small Medium Business Account Executive [San Francisco, CA]",Box
"12/23/23, 4:11 AM",http://www.linkedin.com/jobs/view/3764676586,Hotels Account Executive - Tock,Tock
"12/20/23, 7:57 PM",http://www.linkedin.com/jobs/view/3774212717,Signature Inside Sales Associate,Salesforce
"1/1/24, 2:00 AM",http://www.linkedin.com/jobs/view/3763321337,Sales Development Representative,Culture Amp
"2/25/23, 11:14 PM",http://www.linkedin.com/jobs/view/3464877265,Mid-Market Account Executive - Denmark,Pleo
"2/17/23, 12:21 PM",http://www.linkedin.com/jobs/view/3486655354,Mid-Market Account Executive (Mid-Atlantic),Benchling
"2/17/23, 12:21 PM",http://www.linkedin.com/jobs/view/3486698902,Americas Inside Sales Operations Analyst,Pure Storage
"2/18/23, 4:46 PM",http://www.linkedin.com/jobs/view/3456964496,Sales Account Executive,FiscalNote
"2/24/23, 12:40 AM",http://www.linkedin.com/jobs/view/3483235119,Account Coordinator,Team Liquid
"2/20/23, 1:21 PM",http://www.linkedin.com/jobs/view/3461194203,Business Development Representative,Orum.io (We’ve joined Stripe)
"5/6/24, 1:01 PM",http://www.linkedin.com/jobs/view/3883439792,,
"2/18/23, 4:46 PM",http://www.linkedin.com/jobs/view/3482578056,"Account Executive, Mid Market Growth","Sprout Social, Inc."
"2/20/23, 1:45 PM",http://www.linkedin.com/jobs/view/3488277676,Partner Representative - GTM - Partnerships - Partnerships,Convera
"4/3/23, 1:24 AM",http://www.linkedin.com/jobs/view/3487618914,"Brand Partnerships Manager, Multicultural - Los Angeles",TikTok
"2/27/23, 8:44 AM",http://www.linkedin.com/jobs/view/3494777270,Outbound Sales Development Representative - Enterprise,Culture Amp
"2/27/23, 8:35 AM",http://www.linkedin.com/jobs/view/3499664099,Sales Development Representative (Remote),Phenom
"3/3/23, 1:56 AM",http://www.linkedin.com/jobs/view/3508972480,Business Development Representative,Coro
"4/13/24, 7:11 PM",http://www.linkedin.com/jobs/view/3880181177,Business Travel Sales Manager,Union League Club of Chicago
"5/6/24, 1:01 PM",http://www.linkedin.com/jobs/view/3904828580,,
"1/16/24, 6:17 PM",http://www.linkedin.com/jobs/view/3778949486,"Territory Account Executive, New Business",DoorDash
"2/20/23, 1:45 PM",http://www.linkedin.com/jobs/view/3442427538,Sales Systems Manager,Built In
"2/20/23, 1:25 PM",http://www.linkedin.com/jobs/view/3492325669,Enterprise Sales Specialist,Shift Markets
"12/21/23, 10:34 AM",http://www.linkedin.com/jobs/view/3788673118,"Coordinator, Synch Licensing Administration",Kobalt Music
"2/17/23, 12:21 PM",http://www.linkedin.com/jobs/view/3478691010,Sales Development Representative,Arlo
"2/26/23, 8:15 AM",http://www.linkedin.com/jobs/view/3402915419,"Account Manager, Los Angeles",AEG
"3/14/24, 2:47 AM",http://www.linkedin.com/jobs/view/3855611344,"Account Executive, Virtual Reality (Remote)",Swooped
"2/28/23, 4:39 AM",http://www.linkedin.com/jobs/view/3451049694,Regional Marketing Manager,Industrious
"4/3/23, 1:22 AM",http://www.linkedin.com/jobs/view/3522208229,Business Development Manager,"Veev, By Lennar"
"2/18/23, 4:46 PM",http://www.linkedin.com/jobs/view/3488023943,Sales Representative,Moody's Corporation
"6/22/24, 11:57 PM",http://www.linkedin.com/jobs/view/3934842979,Sales Manager,Hearst Magazines
"12/20/23, 6:38 PM",http://www.linkedin.com/jobs/view/3770051959,Enterprise Account Executive,Striim
"2/27/23, 7:47 AM",http://www.linkedin.com/jobs/view/3477365109,Sales Account Manager-Syndicated Data Experience Essential (US Remote),NielsenIQ
